{"loss": [1.7805524691939354, 1.5866762697696686, 1.525156170129776, 1.4733622707426548, 1.4269777834415436, 1.3782284073531628, 1.3931541591882706, 1.3508821204304695, 1.3408723920583725, 1.2887481711804867, 1.2729222252964973, 1.2086871638894081, 1.2441664300858974, 1.1804873868823051, 1.2892660275101662, 1.184679053723812, 1.0851930230855942, 1.1080337651073933, 1.065774254500866, 1.0131784118711948, 1.0707385316491127, 1.01793497428298, 1.0216493122279644, 1.0775685478001833, 0.9607129022479057, 0.967240322381258, 0.9689049497246742, 0.845605805516243, 0.9070759862661362, 0.8812762778252363, 0.9356174692511559, 0.9704160746186972, 0.8287096973508596, 0.8600458279252052, 0.8326811883598566, 0.7847655396908522, 0.8482287041842937, 1.133599629625678, 1.1101528722792864, 0.8245206139981747, 0.7399854399263859, 0.7628607302904129, 0.7951009683310986, 0.7421115040779114, 0.7318741362541914, 0.7307194527238607, 0.7065236084163189, 0.7142337802797556, 0.6845116633921862, 0.7875515930354595, 0.6906208544969559, 0.702568581327796, 0.7347309291362762, 0.6801718454807997, 0.6551045253872871, 0.6559235714375973, 0.6134896799921989, 0.6553169805556536, 0.5746740959584713, 0.6221650317311287, 0.6713004037737846, 0.6918481905013323, 0.6777528692036867, 0.636798981577158, 0.6695489510893822, 0.5708463890478015, 0.548921070061624, 0.5632472513243556, 0.49361525010317564, 0.5599741386249661, 0.5784089332446456, 0.5398309789597988, 0.4813972972333431, 0.5013656662777066, 0.49938844982534647, 0.5876844208687544, 0.5437652412801981, 0.4961516158655286, 0.5104555524885654, 0.5366099961102009, 0.5105442106723785, 0.5352836791425943, 0.6192246479913592, 0.48943823110312223, 0.4522728556767106, 0.4438609750941396, 0.5056790681555867, 0.5269506741315126, 0.4381306767463684, 0.42113626655191183, 0.4819837100803852, 0.3882116861641407, 0.4584978995844722, 0.5280016539618373, 0.579581500031054, 0.40206632297486067, 0.5262315021827817, 0.48605726938694715, 0.4646470407024026, 0.4959234045818448], "val_loss": [1.756459891796112, 1.5538912415504456, 2.461997389793396, 2.6425783932209015, 1.627264380455017, 3.415348082780838, 1.9717776328325272, 1.7638202011585236, 3.8307927548885345, 9.231346786022186, 10.559406518936157, 9.926871061325073, 7.9163565039634705, 1.6223070472478867, 12.672433733940125, 6.020774662494659, 10.738932251930237, 4.486707001924515, 1.6413389891386032, 6.9359012842178345, 2.2352393120527267, 4.609492659568787, 3.9426379203796387, 13.471447587013245, 13.326343894004822, 12.069117069244385, 11.706286072731018, 5.285231739282608, 14.057143330574036, 9.092724680900574, 9.304758429527283, 12.546281218528748, 12.306304693222046, 8.729632318019867, 8.574650704860687, 7.391240477561951, 2.002153977751732, 14.103334665298462, 13.955706477165222, 12.625248432159424, 11.696105241775513, 6.290037989616394, 10.129889369010925, 10.08531129360199, 12.170302748680115, 10.532481908798218, 12.10233199596405, 7.685182631015778, 12.288080334663391, 2.241620495915413, 1.9259556531906128, 4.31981498003006, 4.594617962837219, 9.399821698665619, 7.534814298152924, 7.596637189388275, 9.681176900863647, 5.620970517396927, 4.565250515937805, 2.1383372843265533, 11.869148135185242, 14.100437879562378, 8.243236720561981, 5.862066924571991, 7.034532248973846, 5.694471061229706, 5.960711240768433, 8.22223562002182, 6.897488474845886, 6.332512974739075, 7.900659739971161, 5.606690615415573, 6.732743680477142, 8.523857772350311, 2.6613005101680756, 5.79682070016861, 7.329959154129028, 5.751469612121582, 10.585159540176392, 7.955800712108612, 10.27402651309967, 8.166689336299896, 6.820138990879059, 8.991697669029236, 8.757696270942688, 7.799980282783508, 2.4806006848812103, 11.93752658367157, 10.827333927154541, 11.854673743247986, 8.984533965587616, 1.845084235072136, 2.213813081383705, 7.972413778305054, 7.799810111522675, 10.443150758743286, 2.221035957336426, 6.403444826602936, 7.258404612541199, 5.128843575716019]}